Channel Id,Channel Url,Channel Title
UC-0fWjosItIOD4ThhS6oyfA,http://www.youtube.com/channel/UC-0fWjosItIOD4ThhS6oyfA,Developer Voices
UC-AdvAxaagE9W2f0webyNUQ,http://www.youtube.com/channel/UC-AdvAxaagE9W2f0webyNUQ,"HashiCorp, an IBM Company"
UC-QDfvrRIDB6F0bIO4I4HkQ,http://www.youtube.com/channel/UC-QDfvrRIDB6F0bIO4I4HkQ,Pretty Printed
UC-QmtXa2JCbbsh4u1bKPpQg,http://www.youtube.com/channel/UC-QmtXa2JCbbsh4u1bKPpQg,SkyDrive Inc
UC-XzJFDyOYjt-sfk4ekP1Gw,http://www.youtube.com/channel/UC-XzJFDyOYjt-sfk4ekP1Gw,QuirkLab
UC-pYfofTyvVDMwM4ttfFGqw,http://www.youtube.com/channel/UC-pYfofTyvVDMwM4ttfFGqw,London Clojurians
UC00DrQVoCf9Liv4D0KV0rGw,http://www.youtube.com/channel/UC00DrQVoCf9Liv4D0KV0rGw,Dr Alan D. Thompson
UC06fO6LNH_AUgjbmqaZRV5Q,http://www.youtube.com/channel/UC06fO6LNH_AUgjbmqaZRV5Q,The Samurai Carpenter
UC0Ize0RLIbGdH5x4wI45G-A,http://www.youtube.com/channel/UC0Ize0RLIbGdH5x4wI45G-A,Drew Binsky
UC0X5ohqBocOxmgZdyGW4mrA,http://www.youtube.com/channel/UC0X5ohqBocOxmgZdyGW4mrA,galvsfood
UC0fvGpDXi7sV2hbgD-O47yw,http://www.youtube.com/channel/UC0fvGpDXi7sV2hbgD-O47yw,Amaury Guichon
UC0p5jTq6Xx_DosDFxVXnWaQ,http://www.youtube.com/channel/UC0p5jTq6Xx_DosDFxVXnWaQ,The Economist
UC0uTPqBCFIpZxlz_Lv1tk_g,http://www.youtube.com/channel/UC0uTPqBCFIpZxlz_Lv1tk_g,Protesilaos
UC0vYcB3AQM9Nk_jUPLeleIQ,http://www.youtube.com/channel/UC0vYcB3AQM9Nk_jUPLeleIQ,Darkest Times Reconstructed
UC1D3yD4wlPMico0dss264XA,http://www.youtube.com/channel/UC1D3yD4wlPMico0dss264XA,NileBlue
UC1M9nmEs8J8ifzs20qvM75A,http://www.youtube.com/channel/UC1M9nmEs8J8ifzs20qvM75A,Tiramisu Stall
UC1ZBQ-F-yktYD4m5AzM6pww,http://www.youtube.com/channel/UC1ZBQ-F-yktYD4m5AzM6pww,Mustard
UC1qfpyN-4EGuNpBDkdWVOiA,http://www.youtube.com/channel/UC1qfpyN-4EGuNpBDkdWVOiA,Cabinland
UC2D2CMWXMOVWx7giW1n3LIg,http://www.youtube.com/channel/UC2D2CMWXMOVWx7giW1n3LIg,Andrew Huberman
UC2Dhyn4Ev52YSbcpfnfP0Mw,http://www.youtube.com/channel/UC2Dhyn4Ev52YSbcpfnfP0Mw,PulumiTV
UC2FZQeaJkpnO6IMkQglvPsg,http://www.youtube.com/channel/UC2FZQeaJkpnO6IMkQglvPsg,Mat Armstrong MK2
UC2J3xT5HNkPl-Sdx16YlFAw,http://www.youtube.com/channel/UC2J3xT5HNkPl-Sdx16YlFAw,Johnny Chang
UC2OYnh5nKWUnzj5D1Xt9Kdw,http://www.youtube.com/channel/UC2OYnh5nKWUnzj5D1Xt9Kdw,Sayaka's Digital Attic
UC2PA-AKmVpU6NKCGtZq_rKQ,http://www.youtube.com/channel/UC2PA-AKmVpU6NKCGtZq_rKQ,Philosophy Tube
UC2gzYaXPSfwUrFfQBkww0Ow,http://www.youtube.com/channel/UC2gzYaXPSfwUrFfQBkww0Ow,NeishaG
UC2pgr1D8IxzquF4h_SqgMOA,http://www.youtube.com/channel/UC2pgr1D8IxzquF4h_SqgMOA,NdustryHoax Revealed
UC3339WgBDKIcxTfywuSmG8w,http://www.youtube.com/channel/UC3339WgBDKIcxTfywuSmG8w,ViralHog
UC3M7l8ved_rYQ45AVzS0RGA,http://www.youtube.com/channel/UC3M7l8ved_rYQ45AVzS0RGA,The Jimmy Dore Show
UC3Vuq4Q1bKFtAiKYlwRv3oA,http://www.youtube.com/channel/UC3Vuq4Q1bKFtAiKYlwRv3oA,Peter Santenello
UC3Y_HaUqzTYABL2whcwGOKA,http://www.youtube.com/channel/UC3Y_HaUqzTYABL2whcwGOKA,tyler fischer
UC3_H98ZINzMGlNOT_jg1HDw,http://www.youtube.com/channel/UC3_H98ZINzMGlNOT_jg1HDw,OceanX
UC3odmbFfOcCnr1MxnQj8oag,http://www.youtube.com/channel/UC3odmbFfOcCnr1MxnQj8oag,Bill Buchanan OBE
UC3s0BtrBJpwNDaflRSoiieQ,http://www.youtube.com/channel/UC3s0BtrBJpwNDaflRSoiieQ,Hak5
UC4-GrpQBx6WCGwmwozP744Q,http://www.youtube.com/channel/UC4-GrpQBx6WCGwmwozP744Q,USENIX
UC415bOPUcGSamy543abLmRA,http://www.youtube.com/channel/UC415bOPUcGSamy543abLmRA,Cleo Abram
UC49YL0neurvxFYaSWT7uKWQ,http://www.youtube.com/channel/UC49YL0neurvxFYaSWT7uKWQ,Nothing's Off The Table with Louis Ruggiero 
UC4PooiX37Pld1T8J5SYT-SQ,http://www.youtube.com/channel/UC4PooiX37Pld1T8J5SYT-SQ,Good Mythical Morning
UC4QZ_LsYcvcq7qOsOhpAX4A,http://www.youtube.com/channel/UC4QZ_LsYcvcq7qOsOhpAX4A,ColdFusion
UC4lnpEse_SnqheLmcbbumig,http://www.youtube.com/channel/UC4lnpEse_SnqheLmcbbumig,The Geography Bible
UC5HJaVyYgo7WPCvIBchRBzQ,http://www.youtube.com/channel/UC5HJaVyYgo7WPCvIBchRBzQ,The Problem With Jon Stewart
UC5L_M7BF5iait4FzEbwKCAg,http://www.youtube.com/channel/UC5L_M7BF5iait4FzEbwKCAg,Shawn James
UC5b_CPhlnUEUyhVzX_ARDSA,http://www.youtube.com/channel/UC5b_CPhlnUEUyhVzX_ARDSA,Shayla Talei
UC5eAFEk3psF0mIDtKVsdl4Q,http://www.youtube.com/channel/UC5eAFEk3psF0mIDtKVsdl4Q,THE GRIM
UC5rT7F0PGNuD54rJ9kzgWzw,http://www.youtube.com/channel/UC5rT7F0PGNuD54rJ9kzgWzw,Kris Harbour Natural Building
UC6107grRI4m0o2-emgoDnAA,http://www.youtube.com/channel/UC6107grRI4m0o2-emgoDnAA,SmarterEveryDay
UC64-PJ-yoF7aJ9pIHWEbrTQ,http://www.youtube.com/channel/UC64-PJ-yoF7aJ9pIHWEbrTQ,Purism
UC6MXTfIi_pSMxwPQDKT2VGg,http://www.youtube.com/channel/UC6MXTfIi_pSMxwPQDKT2VGg,Neal Wu
UC6PJ2jf1l4QB33uneB8l9oA,http://www.youtube.com/channel/UC6PJ2jf1l4QB33uneB8l9oA,Adept HNIC
UC6ZFN9Tx6xh-skXCuRHCDpQ,http://www.youtube.com/channel/UC6ZFN9Tx6xh-skXCuRHCDpQ,PBS NewsHour
UC6uKrU_WqJ1R2HMTY3LIx5Q,http://www.youtube.com/channel/UC6uKrU_WqJ1R2HMTY3LIx5Q,Everyday Astronaut
UC70QdB61jENhGdzyo85QE-g,http://www.youtube.com/channel/UC70QdB61jENhGdzyo85QE-g,Chris Haroun
UC7BjFZywGHiqWdEF7SnQ7hQ,http://www.youtube.com/channel/UC7BjFZywGHiqWdEF7SnQ7hQ,Google Open Source
UC7HcWhSetq6nTlpMXPHKz_A,http://www.youtube.com/channel/UC7HcWhSetq6nTlpMXPHKz_A,Continuous Delivery Foundation
UC7IcJI8PUf5Z3zKxnZvTBog,http://www.youtube.com/channel/UC7IcJI8PUf5Z3zKxnZvTBog,The School of Life
UC7KbIaEOuY7H2j-cvhJ3mYA,http://www.youtube.com/channel/UC7KbIaEOuY7H2j-cvhJ3mYA,Search Party
UC7TNTfvGFymtt3hRPlsTpFQ,http://www.youtube.com/channel/UC7TNTfvGFymtt3hRPlsTpFQ,PHAN THÀNH SỐ XSMB
UC7ewGcGDHSuyQMHv-wPshzQ,http://www.youtube.com/channel/UC7ewGcGDHSuyQMHv-wPshzQ,VanessaFortnite
UC7u2HaYBKDaLPcWmldxgGEA,http://www.youtube.com/channel/UC7u2HaYBKDaLPcWmldxgGEA,Mike Winger
UC7vVhkEfw4nOGp8TyDk7RcQ,http://www.youtube.com/channel/UC7vVhkEfw4nOGp8TyDk7RcQ,Boston Dynamics
UC88lvyJe7aHZmcvzvubDFRg,http://www.youtube.com/channel/UC88lvyJe7aHZmcvzvubDFRg,Timeline - World History Documentaries
UC8ENHE5xdFSwx71u3fDH5Xw,http://www.youtube.com/channel/UC8ENHE5xdFSwx71u3fDH5Xw,ThePrimeagen
UC8jkbVLPvztz8TuE98OYo8Q,http://www.youtube.com/channel/UC8jkbVLPvztz8TuE98OYo8Q,fpt.
UC8uSLYDanXDnP9Yn8UrTNzQ,http://www.youtube.com/channel/UC8uSLYDanXDnP9Yn8UrTNzQ,Racket
UC9-y-6csu5WGm29I7JiwpnA,http://www.youtube.com/channel/UC9-y-6csu5WGm29I7JiwpnA,Computerphile
UC9AdQPUe4BdVJ8M9X7wxHUA,http://www.youtube.com/channel/UC9AdQPUe4BdVJ8M9X7wxHUA,Solana
UC9IuUwwE2xdjQUT_LMLONoA,http://www.youtube.com/channel/UC9IuUwwE2xdjQUT_LMLONoA,The Julia Programming Language
UC9OCtDZfMjJ_2p0qFrVaOFQ,http://www.youtube.com/channel/UC9OCtDZfMjJ_2p0qFrVaOFQ,Nash Made
UC9m7D4XKPJqTPCLSBym3BCg,http://www.youtube.com/channel/UC9m7D4XKPJqTPCLSBym3BCg,Fred Overflow
UC9wzzSSJ37Tl9X9BBMjYGbQ,http://www.youtube.com/channel/UC9wzzSSJ37Tl9X9BBMjYGbQ,Remy Zee
UC9zrrTFKT0wUK7Osbk89jog,http://www.youtube.com/channel/UC9zrrTFKT0wUK7Osbk89jog,The Clojure Clouncil
UCA0H2KIWgWTwpTFjSxp0now,http://www.youtube.com/channel/UCA0H2KIWgWTwpTFjSxp0now,the roadmap
UCA0mlN90EHCizvo101nbr-g,http://www.youtube.com/channel/UCA0mlN90EHCizvo101nbr-g,NileRed 2
UCA7X5unt1JrIiVReQDUbl_A,http://www.youtube.com/channel/UCA7X5unt1JrIiVReQDUbl_A,Path of Exile
UCAD-xOOaUI6N7Uq9laOVbcw,http://www.youtube.com/channel/UCAD-xOOaUI6N7Uq9laOVbcw,Code Therapy w/ René Rebe
UCAiiOTio8Yu69c3XnR7nQBQ,http://www.youtube.com/channel/UCAiiOTio8Yu69c3XnR7nQBQ,System Crafters
UCAl9Ld79qaZxp9JzEOwd3aA,http://www.youtube.com/channel/UCAl9Ld79qaZxp9JzEOwd3aA,Bankless
UCAtkD9j9AWP6D8hNlEx2x2w,http://www.youtube.com/channel/UCAtkD9j9AWP6D8hNlEx2x2w,MetaMoney
UCAzhpt9DmG6PnHXjmJTvRGQ,http://www.youtube.com/channel/UCAzhpt9DmG6PnHXjmJTvRGQ,Federal Reserve
UCB0eHZ29lTQVe5oAAqeQycA,http://www.youtube.com/channel/UCB0eHZ29lTQVe5oAAqeQycA,Weekends TV
UCB5-9DHv6C6WMJOksBocwJQ,http://www.youtube.com/channel/UCB5-9DHv6C6WMJOksBocwJQ,CharlieSloth
UCBa5G_ESCn8Yd4vw5U-gIcg,http://www.youtube.com/channel/UCBa5G_ESCn8Yd4vw5U-gIcg,Stanford Online
UCBcYwAVOcTaZpJ-7PiDotkw,http://www.youtube.com/channel/UCBcYwAVOcTaZpJ-7PiDotkw,BadBwoy Kitchen
UCBj4RFQ0t7npCcHSfrohYOQ,http://www.youtube.com/channel/UCBj4RFQ0t7npCcHSfrohYOQ,PortlandspiceTV
UCC59s1J7c7zreuvnvLUQ0Xg,http://www.youtube.com/channel/UCC59s1J7c7zreuvnvLUQ0Xg,Thrillist
UCC5BT_zvzpi6_fro_QDl81g,http://www.youtube.com/channel/UCC5BT_zvzpi6_fro_QDl81g,Juliet Warner
UCCWeRTgd79JL0ilH0ZywSJA,http://www.youtube.com/channel/UCCWeRTgd79JL0ilH0ZywSJA,AlphaPhoenix
UCCXwA7nW43fxjlnqJxoc8WA,http://www.youtube.com/channel/UCCXwA7nW43fxjlnqJxoc8WA,Prospect Park Deli
UCCaaM9DVZ0oj6-9KjG-71BQ,http://www.youtube.com/channel/UCCaaM9DVZ0oj6-9KjG-71BQ,European Digital Rights
UCCezIgC97PvUuR4_gbFUs5g,http://www.youtube.com/channel/UCCezIgC97PvUuR4_gbFUs5g,Corey Schafer
UCCgGRKeRM1b0LTDqqb4NqjA,http://www.youtube.com/channel/UCCgGRKeRM1b0LTDqqb4NqjA,Ardan Labs
UCCvcd0FYi58LwyTQP9LITpA,http://www.youtube.com/channel/UCCvcd0FYi58LwyTQP9LITpA,Soft White Underbelly
UCDSj3SRisylRP4wpRfxXC_w,http://www.youtube.com/channel/UCDSj3SRisylRP4wpRfxXC_w,Ashkan Sadeghi
UCDT6JRvtVCMGXonJi3j-tpg,http://www.youtube.com/channel/UCDT6JRvtVCMGXonJi3j-tpg,Cheeto Head
UCDsElQQt_gCZ9LgnW-7v-cQ,http://www.youtube.com/channel/UCDsElQQt_gCZ9LgnW-7v-cQ,Kirsten Dirksen
UCEAZeUIeJs0IjQiqTCdVSIg,http://www.youtube.com/channel/UCEAZeUIeJs0IjQiqTCdVSIg,Yahoo Finance
UCEBb1b_L6zDS3xTUrIALZOw,http://www.youtube.com/channel/UCEBb1b_L6zDS3xTUrIALZOw,MIT OpenCourseWare
UCEUFhgRgYZYBXVNCZFGKfMw,http://www.youtube.com/channel/UCEUFhgRgYZYBXVNCZFGKfMw,Pulla bout mines
UCEWpbFLzoYGPfuWUMFPSaoA,http://www.youtube.com/channel/UCEWpbFLzoYGPfuWUMFPSaoA,The Organic Chemistry Tutor
UCF3jMqkgvFRb6KBbSfsFFtQ,http://www.youtube.com/channel/UCF3jMqkgvFRb6KBbSfsFFtQ,FutureCanoe
UCFQMnBA3CS502aghlcr0_aw,http://www.youtube.com/channel/UCFQMnBA3CS502aghlcr0_aw,Coffeezilla
UCFUpNlUFv965psOGJnpZkhQ,http://www.youtube.com/channel/UCFUpNlUFv965psOGJnpZkhQ,Sober Cast: AA Speaker Meetings - 12-Step Recovery
UCFhXFikryT4aFcLkLw2LBLA,http://www.youtube.com/channel/UCFhXFikryT4aFcLkLw2LBLA,NileRed
UCFsZ2CadKpAt_yInoTcVRnQ,http://www.youtube.com/channel/UCFsZ2CadKpAt_yInoTcVRnQ,Bill Shillito
UCFuLNktnqqBEF_9ZcmjC_bw,http://www.youtube.com/channel/UCFuLNktnqqBEF_9ZcmjC_bw,Vegetable Police
UCFxqzg8jCFkwN-0SkoIK9jA,http://www.youtube.com/channel/UCFxqzg8jCFkwN-0SkoIK9jA,Run The Numbers
UCG3whWNsZ0jfau5KqA3MZQA,http://www.youtube.com/channel/UCG3whWNsZ0jfau5KqA3MZQA,Skint Northerners
UCG4Xp4nghgyWK4ud5Xbo-4g,http://www.youtube.com/channel/UCG4Xp4nghgyWK4ud5Xbo-4g,Ghost Robotics
UCGCndz0n0NHmLHfd64FRjIA,http://www.youtube.com/channel/UCGCndz0n0NHmLHfd64FRjIA,The Launch Pad
UCGGZ_POGmIWG1pQXTDzQv-g,http://www.youtube.com/channel/UCGGZ_POGmIWG1pQXTDzQv-g,Michelle Khare
UCGH0yYPvlCN1VjSFMGVmFgQ,http://www.youtube.com/channel/UCGH0yYPvlCN1VjSFMGVmFgQ,Anton Babenko
UCGHZpIpAWJQ-Jy_CeCdXhMA,http://www.youtube.com/channel/UCGHZpIpAWJQ-Jy_CeCdXhMA,Cool Worlds
UCGT_BYcMHygJYqYWZjGx68A,http://www.youtube.com/channel/UCGT_BYcMHygJYqYWZjGx68A,GROWTH™
UCGoNAEk8joHDkSdt2uCcEJw,http://www.youtube.com/channel/UCGoNAEk8joHDkSdt2uCcEJw,Andrey Fadeev
UCGvIBxqin_rx3sY9qacQEhQ,http://www.youtube.com/channel/UCGvIBxqin_rx3sY9qacQEhQ,Mashed
UCHQDjDDW8w2RieO-IuqYlyg,http://www.youtube.com/channel/UCHQDjDDW8w2RieO-IuqYlyg,AMD
UCHUFT-twNWoPODKGixo1E6w,http://www.youtube.com/channel/UCHUFT-twNWoPODKGixo1E6w,Clojure Diary
UCHnBsf2rH-K7pn09rb3qvkA,http://www.youtube.com/channel/UCHnBsf2rH-K7pn09rb3qvkA,CMU Database Group
UCHnyfMqiRRG1u-2MsSQLbXA,http://www.youtube.com/channel/UCHnyfMqiRRG1u-2MsSQLbXA,Veritasium
UCHugE6eRhqB9_AZQh4DDbIw,http://www.youtube.com/channel/UCHugE6eRhqB9_AZQh4DDbIw,Jupiter Broadcasting
UCI0vQvr9aFn27yR6Ej6n5UA,http://www.youtube.com/channel/UCI0vQvr9aFn27yR6Ej6n5UA,Real Python
UCI14aiXuU8zQRolCS5ZrSFg,http://www.youtube.com/channel/UCI14aiXuU8zQRolCS5ZrSFg,The Long Shadow
UCI9uFLJ__aXT3-At0PlPWUQ,http://www.youtube.com/channel/UCI9uFLJ__aXT3-At0PlPWUQ,AA Grapevine
UCIALMKvObZNtJ6AmdCLP7Lg,http://www.youtube.com/channel/UCIALMKvObZNtJ6AmdCLP7Lg,Bloomberg Television
UCIEv3lZ_tNXHzL3ox-_uUGQ,http://www.youtube.com/channel/UCIEv3lZ_tNXHzL3ox-_uUGQ,Gordon Ramsay
UCIFtADcWrOApqrsinzPoOfA,http://www.youtube.com/channel/UCIFtADcWrOApqrsinzPoOfA,Destiny
UCIMXKin1fXXCeq2UJePJEog,http://www.youtube.com/channel/UCIMXKin1fXXCeq2UJePJEog,My Self Reliance
UCIOfoptCwOUiE-hnjrhl21Q,http://www.youtube.com/channel/UCIOfoptCwOUiE-hnjrhl21Q,liamcarps
UCIYy93WU21dwZlC-i0CMaLw,http://www.youtube.com/channel/UCIYy93WU21dwZlC-i0CMaLw,Patio Pizza
UCIhJnsJ0IHlVNnYfp-gw_5Q,http://www.youtube.com/channel/UCIhJnsJ0IHlVNnYfp-gw_5Q,Cal Newport
UCIjIAXXsX4YMYeFj-LP42-Q,http://www.youtube.com/channel/UCIjIAXXsX4YMYeFj-LP42-Q,Anthony GG
UCIjuLiLHdFxYtFmWlbTGQRQ,http://www.youtube.com/channel/UCIjuLiLHdFxYtFmWlbTGQRQ,Peter Schiff
UCIma2WOQs1Mz2AuOt6wRSUw,http://www.youtube.com/channel/UCIma2WOQs1Mz2AuOt6wRSUw,KenDBerryMD
UCJ901NqoRaXMnIm7aOjLyuA,http://www.youtube.com/channel/UCJ901NqoRaXMnIm7aOjLyuA,Fallow
UCJ9905MRHxwLZ2jeNQGIWxA,http://www.youtube.com/channel/UCJ9905MRHxwLZ2jeNQGIWxA,Microsoft Mechanics
UCJJb04Ff2H2o6CPMUbvEJrA,http://www.youtube.com/channel/UCJJb04Ff2H2o6CPMUbvEJrA,mbmmllc
UCJLLl6AraX1POemgLfhirwg,http://www.youtube.com/channel/UCJLLl6AraX1POemgLfhirwg,Bits inside by René Rebe
UCJLZe_NoiG0hT7QCX_9vmqw,http://www.youtube.com/channel/UCJLZe_NoiG0hT7QCX_9vmqw,I did a thing
UCJNoPkgW0KSKzBHgFJ3VRtQ,http://www.youtube.com/channel/UCJNoPkgW0KSKzBHgFJ3VRtQ,Jetson
UCJS9pqu9BzkAMNTmzNMNhvg,http://www.youtube.com/channel/UCJS9pqu9BzkAMNTmzNMNhvg,Google Cloud Tech
UCJWKjrrUh2KL1d3zXQW79cQ,http://www.youtube.com/channel/UCJWKjrrUh2KL1d3zXQW79cQ,EXPLORE WITH US
UCJjTpZCiHTd9lqYWsWge1_g,http://www.youtube.com/channel/UCJjTpZCiHTd9lqYWsWge1_g,BibleProject Podcast
UCJx0-F6jXlR1vIw2t78XIiA,http://www.youtube.com/channel/UCJx0-F6jXlR1vIw2t78XIiA,Ken Kenobi 
UCK-JYMQjxA144jMOPu7FJhg,http://www.youtube.com/channel/UCK-JYMQjxA144jMOPu7FJhg,Slight Reliability
UCKFtfFitaK83yBc0rlg9m1A,http://www.youtube.com/channel/UCKFtfFitaK83yBc0rlg9m1A,Paul Cuffaro
UCKWaEZ-_VweaEx1j62do_vQ,http://www.youtube.com/channel/UCKWaEZ-_VweaEx1j62do_vQ,IBM Technology
UCKjVI0LawDxHaXSBMBOK1tA,http://www.youtube.com/channel/UCKjVI0LawDxHaXSBMBOK1tA,Platform Engineering
UCKp6m5XlXZp4cxmprybkFBw,http://www.youtube.com/channel/UCKp6m5XlXZp4cxmprybkFBw,PSR
UCKr68ZJ4vv6VloNdnS2hjhA,http://www.youtube.com/channel/UCKr68ZJ4vv6VloNdnS2hjhA,Harald Baldr
UCKxH-68qOBjHonm8PLtXUXA,http://www.youtube.com/channel/UCKxH-68qOBjHonm8PLtXUXA,Freda Ayy
UCL0J4MLEdLP0-UyLu0hCktg,http://www.youtube.com/channel/UCL0J4MLEdLP0-UyLu0hCktg,The Defiant
UCLA_DiR1FfKNvjuUpBHmylQ,http://www.youtube.com/channel/UCLA_DiR1FfKNvjuUpBHmylQ,NASA
UCL_f53ZEJxp8TtlOkHwMV9Q,http://www.youtube.com/channel/UCL_f53ZEJxp8TtlOkHwMV9Q,Jordan B Peterson
UCLe_q9axMaeTbjN0hy1Z9xA,http://www.youtube.com/channel/UCLe_q9axMaeTbjN0hy1Z9xA,Caleb Hammer
UCLv7Gzc3VTO6ggFlXY0sOyw,http://www.youtube.com/channel/UCLv7Gzc3VTO6ggFlXY0sOyw,Harvard University
UCMKIroHVXvMQRIBhENE6RhQ,http://www.youtube.com/channel/UCMKIroHVXvMQRIBhENE6RhQ,DistSys Reading Group
UCMOFHuVzh3n_JBgICCgtnCg,http://www.youtube.com/channel/UCMOFHuVzh3n_JBgICCgtnCg,Derek Paravicini
UCMSoRpgXRxhiSna6FkhTGeg,http://www.youtube.com/channel/UCMSoRpgXRxhiSna6FkhTGeg,CIDR DB
UCMV3aTOwUtG5vwfH9_rzb2w,http://www.youtube.com/channel/UCMV3aTOwUtG5vwfH9_rzb2w,Spark
UCMYhvss0LFHG6DjDtX_gs-A,http://www.youtube.com/channel/UCMYhvss0LFHG6DjDtX_gs-A,Overthink Podcast
UCMa8rcWxKsR6ywCwEAjOz0A,http://www.youtube.com/channel/UCMa8rcWxKsR6ywCwEAjOz0A,pandasakha
UCMf7pje1x5iZkkEF-Y3PLSA,http://www.youtube.com/channel/UCMf7pje1x5iZkkEF-Y3PLSA,TechTalk with Bill
UCMtZ0sc1HHNtGGWZFDRTh5A,http://www.youtube.com/channel/UCMtZ0sc1HHNtGGWZFDRTh5A,GitLab Unfiltered
UCMyOj6fhvKFMjxUCp3b_3gA,http://www.youtube.com/channel/UCMyOj6fhvKFMjxUCp3b_3gA,Nick DiGiovanni
UCN7LL0dEffQ7FSjbY5wwlnw,http://www.youtube.com/channel/UCN7LL0dEffQ7FSjbY5wwlnw,SessionTV
UCNE5M24kntfdOeQjDznxyxg,http://www.youtube.com/channel/UCNE5M24kntfdOeQjDznxyxg,Chinfamilyfromjamaica 
UCNJ1Ymd5yFuUPtn21xtRbbw,http://www.youtube.com/channel/UCNJ1Ymd5yFuUPtn21xtRbbw,AI Explained
UCNR05H72hi692y01bWaFXNA,http://www.youtube.com/channel/UCNR05H72hi692y01bWaFXNA,Mattermost
UCNepEAWZH0TBu7dkxIbluDw,http://www.youtube.com/channel/UCNepEAWZH0TBu7dkxIbluDw,"Dad, how do I?"
UCNjxp-gVARpCBCN99oCIZGw,http://www.youtube.com/channel/UCNjxp-gVARpCBCN99oCIZGw,meownadic
UCNye-wNBqNL5ZzHSJj3l8Bg,http://www.youtube.com/channel/UCNye-wNBqNL5ZzHSJj3l8Bg,Al Jazeera English
UCNzFhleZyCHPeIgmp-McMmQ,http://www.youtube.com/channel/UCNzFhleZyCHPeIgmp-McMmQ,Japan Eat
UCO5QSoES5yn2Dw7YixDYT5Q,http://www.youtube.com/channel/UCO5QSoES5yn2Dw7YixDYT5Q,Aperture
UCO7qSa787e6iYWDE4Oug1Lg,http://www.youtube.com/channel/UCO7qSa787e6iYWDE4Oug1Lg,Google SRE Prodcast
UCOBOSYGTToIg_GTBk2_wLKw,http://www.youtube.com/channel/UCOBOSYGTToIg_GTBk2_wLKw,Foodporn
UCODHrzPMGbNv67e84WDZhQQ,http://www.youtube.com/channel/UCODHrzPMGbNv67e84WDZhQQ,fern
UCOSJVk71utzoCmRxzcfhM-A,http://www.youtube.com/channel/UCOSJVk71utzoCmRxzcfhM-A,Masicka
UCObk_g1hQBy0RKKriVX_zOQ,http://www.youtube.com/channel/UCObk_g1hQBy0RKKriVX_zOQ,Netflix Is A Joke
UCOmtC9ACbdFlZrsAhi1z_Qg,http://www.youtube.com/channel/UCOmtC9ACbdFlZrsAhi1z_Qg,Lexxiam
UCOt3Ssxx03pxLdH3qzyTAsQ,http://www.youtube.com/channel/UCOt3Ssxx03pxLdH3qzyTAsQ,Daniel Hirsch
UCP7jMXSY2xbc3KCAE0MHQ-A,http://www.youtube.com/channel/UCP7jMXSY2xbc3KCAE0MHQ-A,Google DeepMind
UCPD_HF4TDU7wMyJVlPl-m1w,http://www.youtube.com/channel/UCPD_HF4TDU7wMyJVlPl-m1w,Roseanne Barr
UCPG-kUxVpjZWFAJeCwS4cQw,http://www.youtube.com/channel/UCPG-kUxVpjZWFAJeCwS4cQw,Blatant Reviews
UCPcfjtEeauin6HIBzDqL5FQ,http://www.youtube.com/channel/UCPcfjtEeauin6HIBzDqL5FQ,Samuel Donner
UCQ-jrhf6mt2PWa8cqF1-6Mw,http://www.youtube.com/channel/UCQ-jrhf6mt2PWa8cqF1-6Mw,Project Serum
UCQZkCCJmId85omD0PKo2oEQ,http://www.youtube.com/channel/UCQZkCCJmId85omD0PKo2oEQ,JAMbottlecapart
UCQ_KZAsNDb8y2dkjHW98gVg,http://www.youtube.com/channel/UCQ_KZAsNDb8y2dkjHW98gVg,Call For An Uprising
UCQoyNIJrqvotmDN4zYawhBg,http://www.youtube.com/channel/UCQoyNIJrqvotmDN4zYawhBg,AuthenticTeeCee2.0 
UCR1IuLEqb6UEA_zQ81kwXfg,http://www.youtube.com/channel/UCR1IuLEqb6UEA_zQ81kwXfg,Real Engineering
UCR2UHbDsP_w-1nVHzCRQtkg,http://www.youtube.com/channel/UCR2UHbDsP_w-1nVHzCRQtkg,Pepperbellypete
UCR3HRj1P9_tCbiIgsUUBsVQ,http://www.youtube.com/channel/UCR3HRj1P9_tCbiIgsUUBsVQ,Michael Boyd
UCR54lF_dD3f-8srmRqnTwgQ,http://www.youtube.com/channel/UCR54lF_dD3f-8srmRqnTwgQ,MotivationHub
UCRBxiybrJl5YYJDJuKVVCsg,http://www.youtube.com/channel/UCRBxiybrJl5YYJDJuKVVCsg,The Truth IS
UCRXRbi80k0_vcIfgpOSerTg,http://www.youtube.com/channel/UCRXRbi80k0_vcIfgpOSerTg,SubjectZeroX
UCRypjBTQZceKlOYENSG_8kQ,http://www.youtube.com/channel/UCRypjBTQZceKlOYENSG_8kQ,Pack Jembrook
UCS0N5baNlQWJCUrhCEo8WlA,http://www.youtube.com/channel/UCS0N5baNlQWJCUrhCEo8WlA,Ben Eater
UCS3Zvg_emGJF6RNgWyXOynw,http://www.youtube.com/channel/UCS3Zvg_emGJF6RNgWyXOynw,Jake Frew
UCSHIVYGnTqn1HYDWx3Qs6Ng,http://www.youtube.com/channel/UCSHIVYGnTqn1HYDWx3Qs6Ng,Mister Lewis' Luxury Lifestyle
UCSHZKyawb77ixDdsGog4iWA,http://www.youtube.com/channel/UCSHZKyawb77ixDdsGog4iWA,Lex Fridman
UCSLUrcByUa6L641WPik31RQ,http://www.youtube.com/channel/UCSLUrcByUa6L641WPik31RQ,Motivation Core
UCShHFwKyhcDo3g7hr4f1R8A,http://www.youtube.com/channel/UCShHFwKyhcDo3g7hr4f1R8A,World Science Festival
UCT8H2PDNfETTG0H_D6aEacg,http://www.youtube.com/channel/UCT8H2PDNfETTG0H_D6aEacg,Machine Don
UCTDUhAaDUTy83xQoUMvKd8w,http://www.youtube.com/channel/UCTDUhAaDUTy83xQoUMvKd8w,Fly․io
UCTToCEh8CNjLEDeTXy0NZIQ,http://www.youtube.com/channel/UCTToCEh8CNjLEDeTXy0NZIQ,Slick Stevie
UCT_QEGH0myu6lgbE_biQPuw,http://www.youtube.com/channel/UCT_QEGH0myu6lgbE_biQPuw,Drew Talbert
UCTq1zHztiV69Ur8t6jco4CQ,http://www.youtube.com/channel/UCTq1zHztiV69Ur8t6jco4CQ,S2 Underground
UCTzZ2-byV7kigoeQ1ZQ39ig,http://www.youtube.com/channel/UCTzZ2-byV7kigoeQ1ZQ39ig,Ear to Hear
UCUEsHzdB7qdcGckcWFc3PBg,http://www.youtube.com/channel/UCUEsHzdB7qdcGckcWFc3PBg,Hanging With The Hennings
UCUH_7AL4fDaqF3YRWimTOmw,http://www.youtube.com/channel/UCUH_7AL4fDaqF3YRWimTOmw,Rob Martinez
UCUMZ7gohGI9HcU9VNsr2FJQ,http://www.youtube.com/channel/UCUMZ7gohGI9HcU9VNsr2FJQ,Bloomberg Originals
UCUp8SWTLsEC6Mn8ExztMIjA,http://www.youtube.com/channel/UCUp8SWTLsEC6Mn8ExztMIjA,The Galen Foundation
UCUyeluBRhGPCW4rPe_UvBZQ,http://www.youtube.com/channel/UCUyeluBRhGPCW4rPe_UvBZQ,The PrimeTime
UCUyk0KLo7JPLCCh4oRNLzsQ,http://www.youtube.com/channel/UCUyk0KLo7JPLCCh4oRNLzsQ,Quantum Gravity Research
UCV00elXN8Z0vrFIAZu3rIKw,http://www.youtube.com/channel/UCV00elXN8Z0vrFIAZu3rIKw,ShadowTrader
UCV61VqLMr2eIhH4f51PV0gA,http://www.youtube.com/channel/UCV61VqLMr2eIhH4f51PV0gA,Bloomberg Politics
UCVFYikepF-avelvuIaQ_lHA,http://www.youtube.com/channel/UCVFYikepF-avelvuIaQ_lHA,Popcornflix
UCVM5UxpF_nzpOsXHShmaqmw,http://www.youtube.com/channel/UCVM5UxpF_nzpOsXHShmaqmw,Dagger
UCVfwlh9XpX2Y_tQfjeln9QA,http://www.youtube.com/channel/UCVfwlh9XpX2Y_tQfjeln9QA,BibleProject
UCVhQ2NnY5Rskt6UjCUkJ_DA,http://www.youtube.com/channel/UCVhQ2NnY5Rskt6UjCUkJ_DA,ArjanCodes
UCVjlpEjEY9GpksqbEesJnNA,http://www.youtube.com/channel/UCVjlpEjEY9GpksqbEesJnNA,mrnigelng
UCVlXwrd0zyZreOw0uUuO5Yw,http://www.youtube.com/channel/UCVlXwrd0zyZreOw0uUuO5Yw,The Sushi Guy (photogami)
UCVwxO3DgsOrQllAV_hz9GxA,http://www.youtube.com/channel/UCVwxO3DgsOrQllAV_hz9GxA,Off the Cuff
UCWAhPpdcWedLgaB1KJEvfqA,http://www.youtube.com/channel/UCWAhPpdcWedLgaB1KJEvfqA,Gas Station Encounters
UCX6OQ3DkcsbYNE6H8uQQuVA,http://www.youtube.com/channel/UCX6OQ3DkcsbYNE6H8uQQuVA,MrBeast
UCXGR70CkW_pXb8n52LzCCRw,http://www.youtube.com/channel/UCXGR70CkW_pXb8n52LzCCRw,Mythical Kitchen
UCXsQlHGuoWqukC9vz-uonrg,http://www.youtube.com/channel/UCXsQlHGuoWqukC9vz-uonrg,Collin Abroadcast
UCY8SLLJjWpS4sx1dEqECaIw,http://www.youtube.com/channel/UCY8SLLJjWpS4sx1dEqECaIw,Tyler Oliveira
UCYO_jab_esuFRV4b17AJtAw,http://www.youtube.com/channel/UCYO_jab_esuFRV4b17AJtAw,3Blue1Brown
UCYQxudE4A1NBTeI0_fz27zQ,http://www.youtube.com/channel/UCYQxudE4A1NBTeI0_fz27zQ,ScrapLife Garage
UCYoulQOH1t8fRNyCoxPC_Tw,http://www.youtube.com/channel/UCYoulQOH1t8fRNyCoxPC_Tw,Mysterious Middle East
UCYpq8FWoRmel5-eHW6qx1Lw,http://www.youtube.com/channel/UCYpq8FWoRmel5-eHW6qx1Lw,MoreCrown
UCYxRlFDqcWM4y7FfpiAN3KQ,http://www.youtube.com/channel/UCYxRlFDqcWM4y7FfpiAN3KQ,The White House
UCZPiBETp07QB2AIye8DcwRQ,http://www.youtube.com/channel/UCZPiBETp07QB2AIye8DcwRQ,Breathe Bible
UCZRoNJu1OszFqABP8AuJIuw,http://www.youtube.com/channel/UCZRoNJu1OszFqABP8AuJIuw,Logically Answered
UCZZx2Uaheeu1OGUBbWSbnPg,http://www.youtube.com/channel/UCZZx2Uaheeu1OGUBbWSbnPg,VybzKartelRadio
UCZgt6AzoyjslHTC9dz0UoTw,http://www.youtube.com/channel/UCZgt6AzoyjslHTC9dz0UoTw,ByteByteGo
UC_4hsKk8MW-r7JwAz5h7DrA,http://www.youtube.com/channel/UC_4hsKk8MW-r7JwAz5h7DrA,Peterson Academy
UC_7WrbZTCODu1o_kfUMq88g,http://www.youtube.com/channel/UC_7WrbZTCODu1o_kfUMq88g,MIT 6.824: Distributed Systems
UC_CgxL-TlGQQerk1eQP4RGQ,http://www.youtube.com/channel/UC_CgxL-TlGQQerk1eQP4RGQ,Federal Reserve Bank Services
UC_DhcobxUWJcD_LS33gzwwg,http://www.youtube.com/channel/UC_DhcobxUWJcD_LS33gzwwg,The Seven Deadly Sins: Grand Cross
UC_a0bJgDPc9uj1nYRjkN37g,http://www.youtube.com/channel/UC_a0bJgDPc9uj1nYRjkN37g,Young People In Recovery
UC_iD0xppBwwsrM9DegC5cQQ,http://www.youtube.com/channel/UC_iD0xppBwwsrM9DegC5cQQ,Jon Gjengset
UC_kH5ltlZdtFAY2qV_lp2xA,http://www.youtube.com/channel/UC_kH5ltlZdtFAY2qV_lp2xA,Vince Vintage
UC_pT_Iz6XjuM-eMTlXghdfw,http://www.youtube.com/channel/UC_pT_Iz6XjuM-eMTlXghdfw,Max the Meat Guy
UC_zBdZ0_H_jn41FDRG7q4Tw,http://www.youtube.com/channel/UC_zBdZ0_H_jn41FDRG7q4Tw,Vimjoyer
UCa489obTo6UE2sh4bXq670A,http://www.youtube.com/channel/UCa489obTo6UE2sh4bXq670A,faster-than-light-memes
UCa6Kdqw2zP6r0QnIxCAsUvw,http://www.youtube.com/channel/UCa6Kdqw2zP6r0QnIxCAsUvw,Gonzalo Lira — Again
UCaLfMkkHhSA_LaCta0BzyhQ,http://www.youtube.com/channel/UCaLfMkkHhSA_LaCta0BzyhQ,Munchies
UCaLlzGqiPE2QRj6sSOawJRg,http://www.youtube.com/channel/UCaLlzGqiPE2QRj6sSOawJRg,ClojureTV
UCaYhcUwRBNscFNUKTjgPFiA,http://www.youtube.com/channel/UCaYhcUwRBNscFNUKTjgPFiA,Rust Programming Language
UCagN4rPrEeAXBC_8Y5jp4LA,http://www.youtube.com/channel/UCagN4rPrEeAXBC_8Y5jp4LA,ORGCars
UCajXeitgFL-rb5-gXI-aG8Q,http://www.youtube.com/channel/UCajXeitgFL-rb5-gXI-aG8Q,Great Big Story
UCakZ_CPx4T2QXGEgyFEFGqQ,http://www.youtube.com/channel/UCakZ_CPx4T2QXGEgyFEFGqQ,CalvaTV
UCarEovlrD9QY-fy-Z6apIDQ,http://www.youtube.com/channel/UCarEovlrD9QY-fy-Z6apIDQ,Hasan Minhaj
UCb--64Gl51jIEVE-GLDAVTg,http://www.youtube.com/channel/UCb--64Gl51jIEVE-GLDAVTg,C-SPAN
UCblfuW_4rakIf2h6aqANefA,http://www.youtube.com/channel/UCblfuW_4rakIf2h6aqANefA,Red Bull
UCc6L2C09Gs6euMoUyqiz02Q,http://www.youtube.com/channel/UCc6L2C09Gs6euMoUyqiz02Q,Craighill
UCc9CjaAjsMMvaSghZB7-Kog,http://www.youtube.com/channel/UCc9CjaAjsMMvaSghZB7-Kog,BeardMeatsFood
UCcAd5Np7fO8SeejB1FVKcYw,http://www.youtube.com/channel/UCcAd5Np7fO8SeejB1FVKcYw,Best Ever Food Review Show
UCcLYOTz3ct6_lk9iLToxxAw,http://www.youtube.com/channel/UCcLYOTz3ct6_lk9iLToxxAw,Mat Armstrong
UCceUucWsHW0faK2neUnIV0Q,http://www.youtube.com/channel/UCceUucWsHW0faK2neUnIV0Q,SleepEnlightened
UCck2Sm1UDhMqIW5BwYh_KaA,http://www.youtube.com/channel/UCck2Sm1UDhMqIW5BwYh_KaA,coreyja
UCcqbiyqJynrQpWCauJqE1qQ,http://www.youtube.com/channel/UCcqbiyqJynrQpWCauJqE1qQ,Caribbean Telecommunications Union
UCcyq283he07B7_KUX07mmtA,http://www.youtube.com/channel/UCcyq283he07B7_KUX07mmtA,Business Insider
UCd2PL2yTgVV_hxRv9OJJRHg,http://www.youtube.com/channel/UCd2PL2yTgVV_hxRv9OJJRHg,SuperSilva_
UCdHz-vi0JIugmscU_CkUxUQ,http://www.youtube.com/channel/UCdHz-vi0JIugmscU_CkUxUQ,AmenClinics
UCdUUdwZBiF0X9iOI9tR4-Yg,http://www.youtube.com/channel/UCdUUdwZBiF0X9iOI9tR4-Yg,hungry 4 munchies
UCdcUmdOxMrhRjKMw-BX19AA,http://www.youtube.com/channel/UCdcUmdOxMrhRjKMw-BX19AA,Niko Omilana
UCdgUN8rX3SEb9L7FDub3I6A,http://www.youtube.com/channel/UCdgUN8rX3SEb9L7FDub3I6A,Design Theory
UCdmLZMfbdQjaJQ-nmMhFUAw,http://www.youtube.com/channel/UCdmLZMfbdQjaJQ-nmMhFUAw,Trap Geek
UCe8oL8oJQTuApXkvs-lHigA,http://www.youtube.com/channel/UCe8oL8oJQTuApXkvs-lHigA,Dimitri
UCeHXZZvfWxsIgs9s3U9wdIw,http://www.youtube.com/channel/UCeHXZZvfWxsIgs9s3U9wdIw,History Profiles
UCeM09s9na5Hwq7hQptgEkJg,http://www.youtube.com/channel/UCeM09s9na5Hwq7hQptgEkJg,Quotes
UCeUOId5AD19RhxhmqV8G6wQ,http://www.youtube.com/channel/UCeUOId5AD19RhxhmqV8G6wQ,A CALL FOR AN UPRISING
UCe_3CoEeinvPMze2u_aENBg,http://www.youtube.com/channel/UCe_3CoEeinvPMze2u_aENBg,NOAA Ocean Exploration
UCedYGs_lqq1uNet0u7qlSyQ,http://www.youtube.com/channel/UCedYGs_lqq1uNet0u7qlSyQ,Cross Examined
UCelY2sic3hsIiSeAhWt640g,http://www.youtube.com/channel/UCelY2sic3hsIiSeAhWt640g,Community Developer
UCes4jRW8SO-vlvOMy7jmsqw,http://www.youtube.com/channel/UCes4jRW8SO-vlvOMy7jmsqw,GAMMA STYLECRAFTPRO
UCfa-XVztQrDlf-2v1UUdkwg,http://www.youtube.com/channel/UCfa-XVztQrDlf-2v1UUdkwg,David Canterbury
UCfqPst3x4TrBUsYAF83uOBg,http://www.youtube.com/channel/UCfqPst3x4TrBUsYAF83uOBg,davidrandallmiller
UCfsbI1XviX--7dT8go1VjrQ,http://www.youtube.com/channel/UCfsbI1XviX--7dT8go1VjrQ,Stoicism Legends
UCfxzr4iHJ1ZFq7KT8bwfiBw,http://www.youtube.com/channel/UCfxzr4iHJ1ZFq7KT8bwfiBw,Men With The Pot
UCgBg0aacyJnw4qUnb1FlfEQ,http://www.youtube.com/channel/UCgBg0aacyJnw4qUnb1FlfEQ,Institute of Human Anatomy
UCgNTShcXeknpaStCj6HU_KA,http://www.youtube.com/channel/UCgNTShcXeknpaStCj6HU_KA,Jip Jip The Talking Frenchie
UCgTNupxATBfWmfehv21ym-g,http://www.youtube.com/channel/UCgTNupxATBfWmfehv21ym-g,Null Byte
UCh4pyZUB0mNzieaKv831flA,http://www.youtube.com/channel/UCh4pyZUB0mNzieaKv831flA,Invisible People
UCh9y1HSLVkZJdk0MYznBraw,http://www.youtube.com/channel/UCh9y1HSLVkZJdk0MYznBraw,Jon Batiste
UChzT78Y8ouVLLDBtMxdnZUw,http://www.youtube.com/channel/UChzT78Y8ouVLLDBtMxdnZUw,Squash
UCiMg06DjcUk5FRiM3g5sqoQ,http://www.youtube.com/channel/UCiMg06DjcUk5FRiM3g5sqoQ,Centers for Disease Control and Prevention (CDC)
UCiRiQGCHGjDLT9FQXFW0I3A,http://www.youtube.com/channel/UCiRiQGCHGjDLT9FQXFW0I3A,Academy of Ideas
UCiZotp9tZ4uXgXEjHDUYzBQ,http://www.youtube.com/channel/UCiZotp9tZ4uXgXEjHDUYzBQ,John Kim
UCipotsaKj2-OyTObEC5j2xw,http://www.youtube.com/channel/UCipotsaKj2-OyTObEC5j2xw,Yawwdiereaction
UCj4KP216972cPp2w_BAHy8g,http://www.youtube.com/channel/UCj4KP216972cPp2w_BAHy8g,WILDERNESS COOKING
UCjP-MiAEn9DPvUHNyGEs7Wg,http://www.youtube.com/channel/UCjP-MiAEn9DPvUHNyGEs7Wg,hochelaga
UCjREVt2ZJU8ql-NC9Gu-TJw,http://www.youtube.com/channel/UCjREVt2ZJU8ql-NC9Gu-TJw,Code to the Moon
UCjemQfjaXAzA-95RKoy9n_g,http://www.youtube.com/channel/UCjemQfjaXAzA-95RKoy9n_g,Discover Crypto
UCk0LtHycs4deT5bkRqrPw2A,http://www.youtube.com/channel/UCk0LtHycs4deT5bkRqrPw2A,Anton somewhere
UCkRmQ_G_NbdbCQMpALg6UPg,http://www.youtube.com/channel/UCkRmQ_G_NbdbCQMpALg6UPg,emacsrocks
UCkibvxIwn7Nskn-v44mEa-A,http://www.youtube.com/channel/UCkibvxIwn7Nskn-v44mEa-A,Swamp Storiez
UCkoujZQZatbqy4KGcgjpVxQ,http://www.youtube.com/channel/UCkoujZQZatbqy4KGcgjpVxQ,Shawn Ryan Show
UCkrtUnUL6ClHI1fMVOTEjkQ,http://www.youtube.com/channel/UCkrtUnUL6ClHI1fMVOTEjkQ,Dr. Daf Show
UCl0eCJPupCsTrobb_0bprhw,http://www.youtube.com/channel/UCl0eCJPupCsTrobb_0bprhw,NEOM
UClB4KPy5LkJj1t3SgYVtMOQ,http://www.youtube.com/channel/UClB4KPy5LkJj1t3SgYVtMOQ,Martin Kleppmann
UClERG7IuNpqoqtWFEpGAYqw,http://www.youtube.com/channel/UClERG7IuNpqoqtWFEpGAYqw,Joe Duff - The Diet Chef
UClHVl2N3jPEbkNJVx-ItQIQ,http://www.youtube.com/channel/UClHVl2N3jPEbkNJVx-ItQIQ,HealthyGamerGG
UClIlgY1OC4wSVyqsEWOh9ZQ,http://www.youtube.com/channel/UClIlgY1OC4wSVyqsEWOh9ZQ,Func Prog Sweden
UClJshc6QtMWRqIAwJy85sfA,http://www.youtube.com/channel/UClJshc6QtMWRqIAwJy85sfA,Clojure/north
UClPkNCC1Gd_cyI7QTe7lJwA,http://www.youtube.com/channel/UClPkNCC1Gd_cyI7QTe7lJwA,John DeNero
UClZbmi9JzfnB2CEb0fG8iew,http://www.youtube.com/channel/UClZbmi9JzfnB2CEb0fG8iew,Primal Space
UClprs057uPe_PRcDcahE9_g,http://www.youtube.com/channel/UClprs057uPe_PRcDcahE9_g,Chris Doel
UCly3md3CbnTFJP83lVUEcjw,http://www.youtube.com/channel/UCly3md3CbnTFJP83lVUEcjw,The Best One Yet
UCm1fqkJ-Tq64bQzM6VRMicQ,http://www.youtube.com/channel/UCm1fqkJ-Tq64bQzM6VRMicQ,New York Times Opinion
UCm3T3KS21z4d77tt081bVRQ,http://www.youtube.com/channel/UCm3T3KS21z4d77tt081bVRQ,Jack Pembrook
UCmFeOdJI3IXgTBDzqBLD8qg,http://www.youtube.com/channel/UCmFeOdJI3IXgTBDzqBLD8qg,Moon
UCmGSJVG3mCRXVOP4yZrU1Dw,http://www.youtube.com/channel/UCmGSJVG3mCRXVOP4yZrU1Dw,Johnny Harris
UCmyjVwYZbp5YPYTUyeopO2g,http://www.youtube.com/channel/UCmyjVwYZbp5YPYTUyeopO2g,Pawn Stars
UCn2p-RrzfPYSTiDdAPEaRSQ,http://www.youtube.com/channel/UCn2p-RrzfPYSTiDdAPEaRSQ,Revival Of Wisdom
UCn3QrCvjhAheNkfI15BPYPw,http://www.youtube.com/channel/UCn3QrCvjhAheNkfI15BPYPw,David
UCn8zNIfYAQNdrFRrr8oibKw,http://www.youtube.com/channel/UCn8zNIfYAQNdrFRrr8oibKw,VICE
UCnHX5FjwtQpxkCGziuh4NJA,http://www.youtube.com/channel/UCnHX5FjwtQpxkCGziuh4NJA,Logan Smith
UCni9TCw0YPwTdu7BYF3j0Eg,http://www.youtube.com/channel/UCni9TCw0YPwTdu7BYF3j0Eg,Dr. Eric Westman - Adapt Your Life
UCnmGIkw-KdI0W5siakKPKog,http://www.youtube.com/channel/UCnmGIkw-KdI0W5siakKPKog,Ryan Trahan
UCnzIgph7Qa1dzB3b4RCSq0A,http://www.youtube.com/channel/UCnzIgph7Qa1dzB3b4RCSq0A,Random Videos
UCoXW7XujCP6E3iQhTL41NsA,http://www.youtube.com/channel/UCoXW7XujCP6E3iQhTL41NsA,St.Matthias Anglican Church Barbados
UCoj4eQh_dZR37lL78ymC6XA,http://www.youtube.com/channel/UCoj4eQh_dZR37lL78ymC6XA,PapersWeLove
UCon_vk_hDDMjhecQq-9Dc4Q,http://www.youtube.com/channel/UCon_vk_hDDMjhecQq-9Dc4Q,chrisdcomedy
UCpExuV8qJMfCaSQNL1YG6bQ,http://www.youtube.com/channel/UCpExuV8qJMfCaSQNL1YG6bQ,Better Than Yesterday
UCpUTNKWxw9p4nOvekiIRWow,http://www.youtube.com/channel/UCpUTNKWxw9p4nOvekiIRWow,Jay Leeds (Geothermal)
UCpXwMqnXfJzazKS5fJ8nrVw,http://www.youtube.com/channel/UCpXwMqnXfJzazKS5fJ8nrVw,shiey
UCp_mqkHkTok_8afoJkLDfpw,http://www.youtube.com/channel/UCp_mqkHkTok_8afoJkLDfpw,David’sPOV_
UCpa-Zb0ZcQjTCPP1Dx_1M8Q,http://www.youtube.com/channel/UCpa-Zb0ZcQjTCPP1Dx_1M8Q,LegalEagle
UCpcndhe5IebWrJrdLRGRsvw,http://www.youtube.com/channel/UCpcndhe5IebWrJrdLRGRsvw,Oracle Learning
UCpvg0uZH-oxmCagOWJo9p9g,http://www.youtube.com/channel/UCpvg0uZH-oxmCagOWJo9p9g,Lenovo
UCqBiWcuTF8IaLH7wBqnihsQ,http://www.youtube.com/channel/UCqBiWcuTF8IaLH7wBqnihsQ,toldinstone
UCqK0ukwGsTDh7sHih1OmLJA,http://www.youtube.com/channel/UCqK0ukwGsTDh7sHih1OmLJA,StevenBridges
UCqK_GSMbpiV8spgD3ZGloSw,http://www.youtube.com/channel/UCqK_GSMbpiV8spgD3ZGloSw,Coin Bureau
UCqVEHtQoXHmUCfJ-9smpTSg,http://www.youtube.com/channel/UCqVEHtQoXHmUCfJ-9smpTSg,Answer in Progress
UCqZQJ4600a9wIfMPbYc60OQ,http://www.youtube.com/channel/UCqZQJ4600a9wIfMPbYc60OQ,Sabin Civil Engineering
UCqnbDFdCpuN8CMEg0VuEBqA,http://www.youtube.com/channel/UCqnbDFdCpuN8CMEg0VuEBqA,The New York Times
UCqoSrYgusd8ZddtMoWhjHYA,http://www.youtube.com/channel/UCqoSrYgusd8ZddtMoWhjHYA,Schwab Network
UCrC4AM_gONjOHg6m46PpJcA,http://www.youtube.com/channel/UCrC4AM_gONjOHg6m46PpJcA,Stoa (Stoic Meditation)
UCrM7B7SL_g1edFOnmj-SDKg,http://www.youtube.com/channel/UCrM7B7SL_g1edFOnmj-SDKg,Bloomberg Technology
UCrqM0Ym_NbK1fqeQG2VIohg,http://www.youtube.com/channel/UCrqM0Ym_NbK1fqeQG2VIohg,Tsoding Daily
UCs2Kaw3Soa63cJq3H0VA7og,http://www.youtube.com/channel/UCs2Kaw3Soa63cJq3H0VA7og,RWXROB
UCs6GwefUl97r8a2DZrCQVmQ,http://www.youtube.com/channel/UCs6GwefUl97r8a2DZrCQVmQ,Kr3w Kali
UCsApDHKF4SI0n3kkBkUHBQg,http://www.youtube.com/channel/UCsApDHKF4SI0n3kkBkUHBQg,Software Huddle
UCsClPdAAhtFPfXUsxwiQyUg,http://www.youtube.com/channel/UCsClPdAAhtFPfXUsxwiQyUg,Best Ever Food India ( w/ Sonny Side )
UCsD2or2kNSfj8X0AlcXj9DQ,http://www.youtube.com/channel/UCsD2or2kNSfj8X0AlcXj9DQ,Fight For Truth Or Die 4 a Lie
UCsN32BtMd0IoByjJRNF12cw,http://www.youtube.com/channel/UCsN32BtMd0IoByjJRNF12cw,60 Minutes
UCsRF06lSFA8zV9L8_x9jzIA,http://www.youtube.com/channel/UCsRF06lSFA8zV9L8_x9jzIA,Dr Gabor Maté
UCsXVk37bltHxD1rDPwtNM8Q,http://www.youtube.com/channel/UCsXVk37bltHxD1rDPwtNM8Q,Kurzgesagt – In a Nutshell
UCsaGKqPZnGp_7N80hcHySGQ,http://www.youtube.com/channel/UCsaGKqPZnGp_7N80hcHySGQ,Tasting History with Max Miller
UCsn6cjffsvyOZCZxvGoJxGg,http://www.youtube.com/channel/UCsn6cjffsvyOZCZxvGoJxGg,Corridor Digital
UCsuCqKFLraPMHRf-lNHlEcw,http://www.youtube.com/channel/UCsuCqKFLraPMHRf-lNHlEcw,supercarscreams
UCswj2QshkeOlowy7tuCCQhQ,http://www.youtube.com/channel/UCswj2QshkeOlowy7tuCCQhQ,Czinger Vehicles
UCtMb_h9vQl6BmWGeyfpviKQ,http://www.youtube.com/channel/UCtMb_h9vQl6BmWGeyfpviKQ,Carbon Credits
UCtw7q4SyOeoCwM1i_3x8lDg,http://www.youtube.com/channel/UCtw7q4SyOeoCwM1i_3x8lDg,Comedy Central Stand-Up
UCtxD0x6AuNNqdXO9Wp5GHew,http://www.youtube.com/channel/UCtxD0x6AuNNqdXO9Wp5GHew,UR · Cristiano
UCu3f0qHwbQiNXCX5mjIKL9Q,http://www.youtube.com/channel/UCu3f0qHwbQiNXCX5mjIKL9Q,Mark insPires The World 
UCuAHfJyWROB4XRReS43EWUw,http://www.youtube.com/channel/UCuAHfJyWROB4XRReS43EWUw,The Bucket List Family
UCuQbvx2ShWp08qG7N9QZLBg,http://www.youtube.com/channel/UCuQbvx2ShWp08qG7N9QZLBg,JLK
UCuWb0apYmphw5tnc2x3y-hQ,http://www.youtube.com/channel/UCuWb0apYmphw5tnc2x3y-hQ,Scratch off Millions
UCuaS3ecRecGfUNhN43YlV1Q,http://www.youtube.com/channel/UCuaS3ecRecGfUNhN43YlV1Q,Tigua
UCuhEJm7XI2aDwUCnZGZ1xYQ,http://www.youtube.com/channel/UCuhEJm7XI2aDwUCnZGZ1xYQ,Misophistful
UCvNqQTS9o5CHFayO7i8xUJw,http://www.youtube.com/channel/UCvNqQTS9o5CHFayO7i8xUJw,VAULT
UCvqbFHwN-nwalWPjPUKpvTA,http://www.youtube.com/channel/UCvqbFHwN-nwalWPjPUKpvTA,CNCF [Cloud Native Computing Foundation]
UCvwFhI0mrIWDiZUabRapS5Q,http://www.youtube.com/channel/UCvwFhI0mrIWDiZUabRapS5Q,Investopedia
UCw1nUfBMo7mO3yncTIwOpNQ,http://www.youtube.com/channel/UCw1nUfBMo7mO3yncTIwOpNQ,Rise Above with Kevin Lanning
UCwXdFgeE9KYzlDdR7TG9cMw,http://www.youtube.com/channel/UCwXdFgeE9KYzlDdR7TG9cMw,Flutter
UCwiTOchWeKjrJZw7S1H__1g,http://www.youtube.com/channel/UCwiTOchWeKjrJZw7S1H__1g,Insider Food
UCwmZiChSryoWQCZMIQezgTg,http://www.youtube.com/channel/UCwmZiChSryoWQCZMIQezgTg,BBC Earth
UCwnKziETDbHJtx78nIkfYug,http://www.youtube.com/channel/UCwnKziETDbHJtx78nIkfYug,CaspianReport
UCxDZs_ltFFvn0FDHT6kmoXA,http://www.youtube.com/channel/UCxDZs_ltFFvn0FDHT6kmoXA,bald and bankrupt
UCxH12tSiXAE8d5qB0vOT7yA,http://www.youtube.com/channel/UCxH12tSiXAE8d5qB0vOT7yA,Jack's Dining Room 
UCxIJaCMEptJjxmmQgGFsnCg,http://www.youtube.com/channel/UCxIJaCMEptJjxmmQgGFsnCg,YC Root Access
UCxgB6grGSx3bcB3vlcy7Tfg,http://www.youtube.com/channel/UCxgB6grGSx3bcB3vlcy7Tfg,EntertheStars
UCxqAWLTk1CmBvZFPzeZMd9A,http://www.youtube.com/channel/UCxqAWLTk1CmBvZFPzeZMd9A,Domain of Science
UCxuwb_eErNh6okiCGhIf7ww,http://www.youtube.com/channel/UCxuwb_eErNh6okiCGhIf7ww,Lecrae
UCxvcnsUKxJRtYKUoLqRCnTw,http://www.youtube.com/channel/UCxvcnsUKxJRtYKUoLqRCnTw,12 Step Recovery Meetings for All 
UCxzC4EngIsMrPmbm6Nxvb-A,http://www.youtube.com/channel/UCxzC4EngIsMrPmbm6Nxvb-A,Scott Manley
UCzMqh1sFIvSnr2RgJ4qvIyQ,http://www.youtube.com/channel/UCzMqh1sFIvSnr2RgJ4qvIyQ,Big Water Guy
UCzQUP1qoWDoEbmsQxvdjxgQ,http://www.youtube.com/channel/UCzQUP1qoWDoEbmsQxvdjxgQ,PowerfulJRE





